{
  "hash": "cc560a5f",
  "configHash": "e142ec21",
  "lockfileHash": "dc8e4eeb",
  "browserHash": "74bcbd2d",
  "optimized": {
    "@angular/common": {
      "src": "../../../../../node_modules/@angular/common/fesm2022/common.mjs",
      "file": "@angular_common.js",
      "fileHash": "be1d30fa",
      "needsInterop": false
    },
    "@angular/core": {
      "src": "../../../../../node_modules/@angular/core/fesm2022/core.mjs",
      "file": "@angular_core.js",
      "fileHash": "748d6a05",
      "needsInterop": false
    },
    "@angular/platform-browser": {
      "src": "../../../../../node_modules/@angular/platform-browser/fesm2022/platform-browser.mjs",
      "file": "@angular_platform-browser.js",
      "fileHash": "c497c70c",
      "needsInterop": false
    },
    "@angular/router": {
      "src": "../../../../../node_modules/@angular/router/fesm2022/router.mjs",
      "file": "@angular_router.js",
      "fileHash": "b333fa9c",
      "needsInterop": false
    }
  },
  "chunks": {
    "chunk-ZRSBTCWF": {
      "file": "chunk-ZRSBTCWF.js"
    },
    "chunk-JD3DCNWC": {
      "file": "chunk-JD3DCNWC.js"
    },
    "chunk-C4GOIIZP": {
      "file": "chunk-C4GOIIZP.js"
    }
  }
}